{"cameraMode":{"drawMode":0,"name":"Shaded","section":"Shading Mode"},"sceneLighting":true,"audioPlay":false,"sceneViewState":{"showFog":true,"showMaterialUpdate":false,"showSkybox":true,"showFlares":true,"showImageEffects":true,"showParticleSystems":true},"in2DMode":false,"pivot":{"x":6.655426979064941,"y":-2.0339677333831789,"z":3.9087705612182619},"rotation":{"x":-0.027105281129479409,"y":0.9581580758094788,"z":-0.09692016243934632,"w":-0.2679641842842102},"size":19.649694442749025,"orthographic":false}